City_ID,City,Lat,Lng,Max Temp,Humidity,Cloudiness,Wind Speed,Country,Date
0,port-aux-francais,-49.35,70.2167,38.33600000000001,87,97,10.29,TF,08/10/2023
1,mersa matruh,31.3525,27.2453,77.52199999999999,71,0,2.57,EG,08/10/2023
2,northumberland,55.25,-2.0,58.891999999999996,95,13,2.82,GB,08/10/2023
3,bredasdorp,-34.5322,20.0403,49.65799999999996,87,0,1.81,ZA,08/10/2023
4,puerto natales,-51.7236,-72.4875,35.97800000000001,94,84,1.61,CL,08/10/2023
5,inirida,3.8653,-67.9239,73.25600000000003,99,100,1.32,CO,08/10/2023
6,isafjordur,66.0755,-23.124,44.329999999999984,82,44,3.4,IS,08/10/2023
7,hermanus,-34.4187,19.2345,53.79800000000006,72,0,3.72,ZA,08/10/2023
8,egilsstadir,65.2653,-14.3948,44.50999999999999,81,20,1.54,IS,08/10/2023
9,colonia,50.9333,6.95,56.821999999999946,84,0,1.03,DE,08/10/2023
10,west island,-12.1568,96.8225,82.38199999999989,69,75,6.69,CC,08/10/2023
11,iskateley,67.6803,53.1512,56.38999999999993,75,0,2.75,RU,08/10/2023
12,buala,-8.145,159.5921,79.97000000000008,85,97,6.04,SB,08/10/2023
13,ancud,-41.8697,-73.8203,50.08999999999992,88,100,7.72,CL,08/10/2023
14,vorgashor,67.5833,63.95,54.481999999999914,69,67,5.08,RU,08/10/2023
15,hawaiian paradise park,19.5933,-154.9731,81.91400000000004,75,75,3.6,US,08/10/2023
16,bethel,41.3712,-73.414,73.70599999999996,76,0,2.06,US,08/10/2023
17,adamstown,-25.066,-130.1015,66.79400000000004,56,84,9.81,PN,08/10/2023
18,albany,42.6001,-73.9662,67.92800000000005,82,32,0.45,US,08/10/2023
19,saipan,15.1355,145.701,81.30199999999996,100,75,4.92,MP,08/10/2023
20,olonkinbyen,70.9221,-8.7187,43.68199999999996,100,100,3.2,SJ,08/10/2023
21,punta arenas,-53.15,-70.9167,39.110000000000014,93,100,3.56,CL,08/10/2023
22,burang,30.25,81.1667,55.76000000000005,77,100,1.92,CN,08/10/2023
23,waitangi,-43.9535,-176.5597,51.817999999999984,77,3,0.45,NZ,08/10/2023
24,taltal,-25.4,-70.4833,65.04800000000006,63,63,1.07,CL,08/10/2023
25,walvis bay,-22.9575,14.5053,56.353999999999985,94,100,4.63,NA,08/10/2023
26,yinchuan,38.4681,106.2731,88.26799999999997,46,10,2.04,CN,08/10/2023
27,ilulissat,69.2167,-51.1,41.01799999999997,100,100,2.57,GL,08/10/2023
28,yamada,39.4667,141.95,84.57800000000003,67,3,7.84,JP,08/10/2023
29,plastun,44.7561,136.2939,62.47399999999999,99,100,2.85,RU,08/10/2023
30,thompson,55.7435,-97.8558,53.762,87,20,1.03,CA,08/10/2023
31,serhetabat,35.2799,62.3438,80.31199999999995,28,0,2.87,TM,08/10/2023
32,puerto madero,14.7208,-92.4215,80.79800000000006,100,40,0.0,MX,08/10/2023
33,kiffa,16.6166,-11.4045,92.012,28,100,7.05,MR,08/10/2023
34,utrik,11.2278,169.8474,82.92199999999997,71,58,5.36,MH,08/10/2023
35,wailua homesteads,22.0669,-159.378,86.43199999999996,75,75,8.75,US,08/10/2023
36,olyokminsk,60.3736,120.4264,84.84800000000001,42,6,1.88,RU,08/10/2023
37,holualoa,19.6228,-155.9522,82.238,70,75,4.63,US,08/10/2023
38,kalmunai,7.4167,81.8167,83.53399999999993,69,100,2.24,LK,08/10/2023
39,puerto deseado,-47.7503,-65.8938,49.261999999999944,77,100,4.14,AR,08/10/2023
40,edinburgh of the seven seas,-37.0676,-12.3116,51.02600000000007,54,59,9.78,SH,08/10/2023
41,tiksi,71.6872,128.8694,69.9260000000001,39,29,2.46,RU,08/10/2023
42,grytviken,-54.2811,-36.5092,22.928000000000054,93,94,1.92,GS,08/10/2023
43,port alfred,-33.5906,26.891,57.18199999999996,91,0,1.34,ZA,08/10/2023
44,blackmans bay,-43.0167,147.3167,59.12600000000003,67,85,4.17,AU,08/10/2023
45,papatowai,-46.5619,169.4708,42.00799999999998,74,52,3.35,NZ,08/10/2023
46,vilyuysk,63.7553,121.6247,76.62200000000001,34,0,4.6,RU,08/10/2023
47,lihue,21.9789,-159.3672,87.04400000000004,69,75,8.75,US,08/10/2023
48,chernyanka,50.9409,37.8069,58.99999999999994,77,9,3.07,RU,08/10/2023
49,la passe,45.5549,-0.8967,70.03399999999993,67,15,3.17,FR,08/10/2023
50,lompoc,34.6391,-120.4579,68.14400000000006,86,100,1.54,US,08/10/2023
51,pandan,14.0453,124.1694,88.44800000000004,62,79,2.72,PH,08/10/2023
52,solnechnyy,50.7214,136.6319,65.74999999999994,64,100,3.04,RU,08/10/2023
53,saint-pierre,-21.3393,55.4781,67.6760000000001,64,0,3.09,RE,08/10/2023
54,dutsen wai,10.8501,8.199,67.94599999999997,98,80,2.81,NG,08/10/2023
55,pacific grove,36.6177,-121.9166,62.23999999999995,88,100,3.09,US,08/10/2023
56,avarua,-21.2078,-159.775,77.05399999999992,69,20,7.72,CK,08/10/2023
57,conception bay south,47.4999,-52.9981,55.92199999999997,94,100,8.58,CA,08/10/2023
58,fort bragg,35.139,-79.006,78.90799999999996,80,0,0.0,US,08/10/2023
59,badger,64.8,-147.5333,71.51000000000005,73,75,2.57,US,08/10/2023
60,nagqu,31.5,92.0,56.28199999999998,60,30,3.02,CN,08/10/2023
61,stanley,54.868,-1.6985,61.286,92,40,1.03,GB,08/10/2023
62,bilibino,68.0546,166.4372,62.311999999999955,42,96,3.57,RU,08/10/2023
63,figuig (centre),32.1089,-1.2286,86.93599999999998,17,20,2.07,MA,08/10/2023
64,nadi,-17.8,177.4167,78.80000000000001,73,40,4.12,FJ,08/10/2023
65,grand baie,-20.0182,57.5802,72.44599999999997,70,0,1.34,MU,08/10/2023
66,ushuaia,-54.8,-68.3,40.65799999999996,75,0,3.6,AR,08/10/2023
67,sumbe,-11.2061,13.8437,66.00200000000001,92,0,0.88,AO,08/10/2023
68,whitehorse,60.7161,-135.0538,68.30599999999998,41,75,3.6,CA,08/10/2023
69,ust-nera,64.5667,143.2,70.48399999999987,42,5,1.6,RU,08/10/2023
70,belyy yar,53.6039,91.3903,71.49200000000002,56,0,2.0,RU,08/10/2023
71,ventspils,57.3894,21.5606,53.52800000000008,100,0,2.06,LV,08/10/2023
72,sola,-13.8833,167.55,73.094,83,100,11.01,VU,08/10/2023
73,afonso claudio,-20.0742,-41.1239,66.52399999999994,86,94,1.25,BR,08/10/2023
74,polyarnyy,69.1989,33.4478,63.698000000000036,78,0,3.53,RU,08/10/2023
75,invercargill,-46.4,168.35,46.02199999999999,68,26,0.45,NZ,08/10/2023
76,aras-asan,8.8908,126.3033,83.62399999999997,72,100,1.88,PH,08/10/2023
77,aykhal,66.0,111.5,67.92800000000005,62,86,8.08,RU,08/10/2023
78,natal,-5.795,-35.2094,74.04800000000006,94,40,4.12,BR,08/10/2023
79,weiser,44.251,-116.9693,84.39799999999997,42,48,1.74,US,08/10/2023
80,sao vicente,-23.9631,-46.3919,72.2659999999999,26,70,2.63,BR,08/10/2023
81,forster,-32.1667,152.5167,73.29199999999997,38,9,2.02,AU,08/10/2023
82,nar'yan-mar,67.6713,53.087,56.49799999999999,75,0,2.76,RU,08/10/2023
83,vilyuchinsk,52.9306,158.4028,73.67000000000002,72,6,3.49,RU,08/10/2023
84,cartagena,10.3997,-75.5144,83.82199999999995,89,20,1.03,CO,08/10/2023
85,iqaluit,63.7506,-68.5145,42.52999999999997,100,100,4.47,CA,08/10/2023
86,alice springs,-23.7,133.8833,74.74999999999994,19,1,5.14,AU,08/10/2023
87,east london,-33.0153,27.9116,59.93599999999998,82,0,4.12,ZA,08/10/2023
88,zhezqazghan,47.7833,67.7667,70.37600000000003,68,40,3.0,KZ,08/10/2023
89,tromso,69.6496,18.957,62.383999999999844,82,100,1.03,NO,08/10/2023
90,hasaki,35.7333,140.8333,89.99599999999992,71,76,4.21,JP,08/10/2023
91,tazovsky,67.4667,78.7,46.238,85,100,9.3,RU,08/10/2023
92,touros,-5.1989,-35.4608,74.5159999999999,84,53,5.87,BR,08/10/2023
93,qamdo,31.1667,97.2333,60.079999999999984,51,84,2.17,CN,08/10/2023
94,mount gambier,-37.8333,140.7667,53.97800000000001,68,100,3.77,AU,08/10/2023
95,betio village,1.358,172.9211,89.63600000000002,73,29,2.01,KI,08/10/2023
96,udachny,66.4167,112.4,62.45599999999996,58,91,7.68,RU,08/10/2023
97,tolanaro,-25.0319,46.9987,66.27199999999999,94,40,1.03,MG,08/10/2023
98,aasiaat,68.7098,-52.8699,37.47199999999998,91,93,4.75,GL,08/10/2023
99,grand falls-windsor,48.9332,-55.6649,56.49799999999999,89,100,0.45,CA,08/10/2023
100,umm kaddadah,13.6017,26.6876,80.07800000000003,66,34,4.17,SD,08/10/2023
101,gamba,-2.65,10.0,69.96199999999993,94,100,0.95,GA,08/10/2023
102,alesund,62.4723,6.1549,54.75200000000001,90,100,2.57,NO,08/10/2023
103,bushehr,28.9684,50.8385,93.2899999999999,55,75,3.09,IR,08/10/2023
104,serdar,38.9764,56.2757,89.45599999999996,19,0,1.77,TM,08/10/2023
105,leua,48.2156,18.6071,53.06,95,7,1.07,SK,08/10/2023
106,qaqortoq,60.7167,-46.0333,42.45799999999997,85,9,0.81,GL,08/10/2023
107,constantia,44.1833,28.65,66.88399999999984,71,77,6.26,RO,08/10/2023
108,mabaruma,8.2,-59.7833,76.13600000000002,94,49,1.81,GY,08/10/2023
109,college,64.8569,-147.8028,71.58199999999994,71,75,2.57,US,08/10/2023
110,dryden,49.7833,-92.7503,55.68799999999993,82,75,1.54,CA,08/10/2023
111,marion,39.7684,-86.1555,68.61199999999991,96,100,3.6,US,08/10/2023
112,yellowknife,62.456,-114.3525,69.56599999999997,49,75,4.12,CA,08/10/2023
113,punto fijo,11.6956,-70.1996,83.08399999999989,78,8,9.67,VE,08/10/2023
114,cruzeiro do sul,-29.5128,-51.9853,64.50799999999998,95,100,0.3,BR,08/10/2023
115,kavaratti,10.5669,72.642,81.80599999999998,78,100,7.89,IN,08/10/2023
116,hithadhoo,-0.6,73.0833,81.05000000000001,75,67,2.26,MV,08/10/2023
117,serhiyivka,46.0272,30.3768,69.06199999999995,62,25,6.56,UA,08/10/2023
118,queenstown,-31.8976,26.8753,46.83199999999994,81,21,1.43,ZA,08/10/2023
119,kasongo-lunda,-6.4667,16.8167,69.06199999999995,56,47,1.03,CD,08/10/2023
120,nuku'alofa,-21.1333,-175.2,77.34199999999993,83,75,4.12,TO,08/10/2023
121,howard springs,-12.497,131.047,86.82800000000003,29,59,4.75,AU,08/10/2023
122,blackwater,-23.5833,148.8833,74.69599999999997,56,0,2.81,AU,08/10/2023
123,port elizabeth,-33.918,25.5701,57.488,88,20,5.14,ZA,08/10/2023
124,leshan,29.5623,103.7639,85.45999999999998,81,68,1.88,CN,08/10/2023
125,ulverstone,-41.15,146.1667,54.877999999999986,68,80,5.72,AU,08/10/2023
126,sao raimundo nonato,-9.0153,-42.6994,71.27600000000012,65,0,1.66,BR,08/10/2023
127,vanino,49.0869,140.2543,61.214,81,100,2.53,RU,08/10/2023
128,iranshahr,27.2025,60.6848,93.54199999999997,27,43,0.0,IR,08/10/2023
129,kristiansund,63.1115,7.732,50.648000000000025,93,75,1.54,NO,08/10/2023
130,siracusa,37.0881,15.2792,71.18599999999998,69,8,2.51,IT,08/10/2023
131,illizi,26.4833,8.4667,78.60200000000003,16,0,3.46,DZ,08/10/2023
132,rongelap,11.1635,166.8941,83.10200000000003,75,13,4.67,MH,08/10/2023
133,anadyr,64.75,177.4833,57.70400000000001,67,75,4.92,RU,08/10/2023
134,georgetown,5.4112,100.3354,82.34599999999995,82,20,1.54,MY,08/10/2023
135,xilin hot,43.9667,116.0333,80.618,42,87,3.49,CN,08/10/2023
136,dudinka,69.4058,86.1778,58.622000000000014,60,100,9.92,RU,08/10/2023
137,codrington,-38.2667,141.9667,54.103999999999985,73,100,6.41,AU,08/10/2023
138,minas de marcona,-15.2119,-75.1103,54.698000000000036,88,27,4.72,PE,08/10/2023
139,saguenay,48.4168,-71.0657,59.81,93,20,2.06,CA,08/10/2023
140,uturoa,-16.7333,-151.4333,76.80199999999996,71,74,8.09,PF,08/10/2023
141,oranjemund,-28.55,16.4333,71.49200000000002,25,2,4.78,NA,08/10/2023
142,saint-philippe,-21.3585,55.7679,67.58600000000007,82,41,3.36,RE,08/10/2023
143,cill airne,52.05,-9.5167,62.113999999999976,88,94,4.41,IE,08/10/2023
144,altai,46.3722,96.2583,62.29400000000004,53,4,5.02,MN,08/10/2023
145,fale old settlement,-9.3852,-171.2468,82.50799999999998,78,31,6.58,TK,08/10/2023
146,san antonio de pale,-1.4014,5.6325,74.4260000000001,79,95,5.08,GQ,08/10/2023
147,howrah,22.5892,88.3103,85.99999999999994,79,40,4.12,IN,08/10/2023
148,enewetak,11.3474,162.3373,83.786,75,68,6.52,MH,08/10/2023
149,keflavik,64.0049,-22.5624,54.03199999999998,76,0,3.6,IS,08/10/2023
150,masumbwe,-3.6333,32.1833,65.10200000000003,63,2,2.64,TZ,08/10/2023
151,port mathurin,-19.6833,63.4167,72.1760000000001,75,7,5.67,MU,08/10/2023
152,naze,28.3667,129.4833,83.31800000000004,78,21,5.49,JP,08/10/2023
153,novyy urgal,51.0736,132.5642,79.93399999999991,36,6,1.59,RU,08/10/2023
154,fort st. john,56.2499,-120.8529,67.892,45,75,7.2,CA,08/10/2023
155,happy valley-goose bay,53.3168,-60.3315,59.30599999999998,82,100,1.54,CA,08/10/2023
156,saiha,22.4833,92.9667,71.92399999999992,99,100,0.25,IN,08/10/2023
157,petropavlovsk-kamchatsky,53.0452,158.6483,72.19400000000002,49,40,4.0,RU,08/10/2023
158,ribeira grande,38.5167,-28.7,70.77199999999999,86,88,2.24,PT,08/10/2023
159,ashland,40.8167,-82.2665,72.13999999999993,95,100,2.87,US,08/10/2023
160,puerto ayora,-0.7393,-90.3518,75.54199999999997,92,46,1.79,EC,08/10/2023
161,erdenet,49.0333,104.0833,69.47600000000006,69,35,2.61,MN,08/10/2023
162,the pas,53.8251,-101.2541,53.617999999999995,87,0,0.0,CA,08/10/2023
163,wloclawek,52.6482,19.0678,51.52999999999997,80,100,2.76,PL,08/10/2023
164,afaahiti,-17.75,-149.2833,78.67399999999992,72,97,7.01,PF,08/10/2023
165,klyuchi,52.2667,79.1667,74.33600000000007,39,87,2.56,RU,08/10/2023
166,pombas,17.1503,-25.0201,76.78399999999993,73,79,5.24,CV,08/10/2023
167,pisco,-13.7,-76.2167,64.45400000000001,88,40,3.09,PE,08/10/2023
168,pascagoula,30.3658,-88.5561,87.83600000000007,78,0,2.06,US,08/10/2023
169,iquique,-20.2208,-70.1431,66.23600000000005,77,57,1.56,CL,08/10/2023
170,kisangani,0.5167,25.2,71.13199999999989,94,99,1.01,CD,08/10/2023
171,lichtenburg,-26.152,26.1597,42.99799999999999,77,1,4.28,ZA,08/10/2023
172,page,36.9147,-111.4558,82.18399999999991,43,0,8.94,US,08/10/2023
173,castillos,-34.1667,-53.8333,57.811999999999955,94,100,5.71,UY,08/10/2023
174,tofol,5.3248,163.0078,82.84999999999997,78,58,4.26,FM,08/10/2023
175,kangding,30.0513,101.9603,71.94199999999995,70,99,1.75,CN,08/10/2023
176,soto la marina,23.7667,-98.2167,82.14799999999997,83,0,6.78,MX,08/10/2023
177,tantou,26.0314,119.5986,83.96599999999995,89,20,2.0,CN,08/10/2023
178,plettenberg bay,-34.0527,23.3716,59.48600000000005,66,31,2.22,ZA,08/10/2023
179,mahmutlar,36.949,36.1923,75.56,88,56,0.67,TR,08/10/2023
180,pizarro,4.9533,-77.366,79.03399999999993,87,100,0.92,CO,08/10/2023
181,altus,34.6381,-99.334,87.31400000000002,62,0,4.63,US,08/10/2023
182,ulladulla,-35.35,150.4667,61.24999999999994,53,83,7.53,AU,08/10/2023
183,waspan,14.7419,-83.9717,77.64799999999997,93,99,1.43,NI,08/10/2023
184,essaouira,31.5125,-9.77,89.09599999999995,69,20,2.06,MA,08/10/2023
185,santa maria da boa vista,-8.8078,-39.8256,71.13199999999989,66,7,6.62,BR,08/10/2023
186,tiquipaya,-17.3382,-66.2189,59.97200000000004,33,6,2.57,BO,08/10/2023
187,galliano,29.4422,-90.2992,85.99999999999994,70,0,3.09,US,08/10/2023
188,el nido,11.1858,119.3956,84.16400000000004,77,50,6.48,PH,08/10/2023
189,susuman,62.7833,148.1667,59.79199999999997,45,6,1.18,RU,08/10/2023
190,afua,-0.1567,-50.3867,76.65799999999996,89,39,2.93,BR,08/10/2023
191,port lincoln,-34.7333,135.8667,58.622000000000014,56,33,4.5,AU,08/10/2023
192,carnarvon,-24.8667,113.6333,74.19199999999995,54,2,2.95,AU,08/10/2023
193,bayganin,48.6947,55.8742,67.47800000000001,67,0,6.47,KZ,08/10/2023
194,maxixe,-23.8597,35.3472,65.28199999999998,74,14,4.0,MZ,08/10/2023
195,mazagao,-0.115,-51.2894,82.45400000000001,92,69,1.89,BR,08/10/2023
196,nicoya,10.1483,-85.452,77.70200000000006,89,53,1.09,CR,08/10/2023
197,margaret river,-33.95,115.0667,53.43799999999993,79,100,1.99,AU,08/10/2023
198,kununurra,-15.7667,128.7333,85.98199999999991,25,49,4.12,AU,08/10/2023
199,laguna,38.421,-121.4238,85.44199999999995,51,0,3.09,US,08/10/2023
200,keetmanshoop,-26.5833,18.1333,65.31800000000004,19,3,6.17,NA,08/10/2023
201,jayapura,-2.5333,140.7,92.58800000000002,71,41,2.94,ID,08/10/2023
202,quellon,-43.1167,-73.6167,48.452,93,100,7.72,CL,08/10/2023
203,sunland park,31.7965,-106.58,97.24999999999994,26,0,10.29,US,08/10/2023
204,mwinilunga,-11.7358,24.4293,57.920000000000016,39,0,3.3,ZM,08/10/2023
205,polovinnoye,54.7914,65.9864,67.47800000000001,66,72,4.99,RU,08/10/2023
206,kourou,5.1552,-52.6478,78.85399999999998,88,24,3.66,GF,08/10/2023
207,bereket,39.2446,55.5154,89.92399999999992,21,0,1.51,TM,08/10/2023
208,st. john's,47.5649,-52.7093,56.156000000000006,94,100,8.23,CA,08/10/2023
209,pankrushikha,53.8319,80.3406,70.52000000000004,46,54,1.23,RU,08/10/2023
210,kotwa,25.0167,81.3167,81.08600000000007,75,100,3.7,IN,08/10/2023
211,atafu village,-8.5421,-172.5159,82.41799999999995,79,33,6.4,TK,08/10/2023
212,coquimbo,-29.9533,-71.3436,56.93000000000001,94,100,4.12,CL,08/10/2023
213,heroica guaymas,27.9333,-110.9,92.12000000000006,40,0,1.98,MX,08/10/2023
214,coahuayana de hidalgo,18.7,-103.6583,77.3239999999999,78,87,2.05,MX,08/10/2023
215,talnakh,69.4865,88.3972,58.20799999999991,51,100,2.8,RU,08/10/2023
216,yuzhno-kurilsk,44.0306,145.8556,71.25799999999998,91,100,5.86,RU,08/10/2023
217,san patricio,28.017,-97.5169,86.08999999999997,80,0,8.58,US,08/10/2023
218,tamanrasset,22.785,5.5228,82.31,30,0,6.17,DZ,08/10/2023
219,umm ruwaba,12.9061,31.2158,78.62000000000006,73,100,3.91,SD,08/10/2023
220,balugaon,20.1667,85.1,86.44999999999999,61,72,2.14,IN,08/10/2023
221,chinde,26.8418,88.0763,71.27600000000012,86,89,1.8,NP,08/10/2023
222,katsuura,35.1333,140.3,84.12799999999999,72,80,4.69,JP,08/10/2023
223,smidovich,48.6,133.8167,71.31199999999995,66,100,5.41,RU,08/10/2023
224,baoying,33.2292,119.3092,87.53000000000003,62,4,3.4,CN,08/10/2023
225,chonchi,-42.6128,-73.8092,47.40799999999996,94,97,3.77,CL,08/10/2023
226,inhambane,-23.865,35.3833,66.57800000000003,71,15,4.73,MZ,08/10/2023
227,severo-yeniseyskiy,60.3725,93.0408,63.914000000000044,55,28,3.33,RU,08/10/2023
228,kodiak,57.79,-152.4072,53.113999999999976,94,75,2.06,US,08/10/2023
229,whakatane,-37.9585,176.9854,54.51799999999997,85,92,1.34,NZ,08/10/2023
230,antonio enes,-16.2325,39.9086,69.83600000000007,81,13,4.06,MZ,08/10/2023
231,kapuskasing,49.4169,-82.4331,60.88999999999993,82,100,5.66,CA,08/10/2023
232,crane,31.3974,-102.3501,91.97600000000006,22,48,2.61,US,08/10/2023
233,vernon,50.2581,-119.2691,75.56,38,31,2.06,CA,08/10/2023
234,gaigeturi,33.4644,126.3183,80.65399999999994,78,40,8.75,KR,08/10/2023
235,niafunke,15.9322,-3.9906,90.80599999999998,43,100,5.33,ML,08/10/2023
236,longyearbyen,78.2186,15.6401,49.837999999999965,66,0,7.2,SJ,08/10/2023
237,swift current,50.2834,-107.8014,63.410000000000025,67,100,9.77,CA,08/10/2023
238,peniche,39.3558,-9.3811,68.108,97,3,1.7,PT,08/10/2023
239,hamilton,39.1834,-84.5333,73.50799999999998,91,100,3.6,US,08/10/2023
240,kingston,17.997,-76.7936,86.95400000000001,87,75,4.63,JM,08/10/2023
241,pemangkat,1.1667,108.9667,84.05599999999998,72,62,0.93,ID,08/10/2023
242,teguise,29.0605,-13.564,70.0159999999999,83,0,10.8,ES,08/10/2023
243,vizinga,61.0749,50.1031,64.79599999999999,73,9,0.68,RU,08/10/2023
244,dabakala,8.3667,-4.4333,71.74399999999997,97,100,3.27,CI,08/10/2023
245,juuka,63.2333,29.25,58.33399999999989,95,100,1.65,FI,08/10/2023
246,labrador city,52.9463,-66.9114,51.70999999999998,100,100,2.06,CA,08/10/2023
247,maintirano,-18.0667,44.0167,68.19800000000004,89,2,2.87,MG,08/10/2023
248,nadym,65.5333,72.5167,48.75799999999998,73,100,10.98,RU,08/10/2023
249,jamestown,42.097,-79.2353,69.70999999999998,77,0,2.06,US,08/10/2023
250,al kharijah,25.4514,30.5464,83.37200000000001,22,0,3.94,EG,08/10/2023
251,qarazhal,48.0078,70.7903,69.34999999999997,64,100,6.1,KZ,08/10/2023
252,puerto baquerizo moreno,-0.9,-89.6,74.55199999999996,81,76,2.83,EC,08/10/2023
253,pacasmayo,-7.4006,-79.5714,68.62999999999994,84,43,5.76,PE,08/10/2023
254,akrehamn,59.2667,5.1833,52.05200000000002,82,75,10.8,NO,08/10/2023
255,mirnyy,62.5353,113.9611,73.238,49,61,3.13,RU,08/10/2023
256,andergrove,-21.0833,149.1833,73.65199999999999,65,8,6.3,AU,08/10/2023
257,sitka,57.0531,-135.33,60.69199999999995,82,100,2.57,US,08/10/2023
258,andovoranto,-18.95,49.1,64.74200000000002,94,89,1.61,MG,08/10/2023
259,vylkove,45.4021,29.586,68.55799999999994,65,54,5.31,UA,08/10/2023
260,salekhard,66.53,66.6019,59.287999999999954,59,14,4.97,RU,08/10/2023
261,al badari,26.9926,31.4155,81.85999999999996,33,0,3.12,EG,08/10/2023
262,sur,22.5667,59.5289,85.31599999999997,61,58,4.57,OM,08/10/2023
263,lorengau,-2.0226,147.2712,82.92199999999997,77,97,7.47,PG,08/10/2023
264,muisne,0.6,-80.0333,77.93599999999998,85,100,3.87,EC,08/10/2023
265,porto novo,6.4965,2.6036,78.62000000000006,87,100,3.68,BJ,08/10/2023
266,uporovo,56.3109,66.2693,62.95999999999998,76,100,5.07,RU,08/10/2023
267,ulsteinvik,62.3432,5.8487,54.75200000000001,94,100,3.13,NO,08/10/2023
268,zintan,31.9223,12.252,65.13799999999998,56,0,2.72,LY,08/10/2023
269,chibougamau,49.9168,-74.3659,62.22200000000004,77,100,2.57,CA,08/10/2023
270,berdigestyakh,62.0989,126.6992,75.54199999999997,42,2,4.49,RU,08/10/2023
271,chadron,42.8294,-102.9999,71.85200000000003,58,0,3.09,US,08/10/2023
272,vorkuta,67.5,64.0,54.85999999999996,68,69,5.13,RU,08/10/2023
273,ondjiva,-17.0667,15.7333,62.636000000000024,31,89,1.03,AO,08/10/2023
274,yatou,37.15,122.3833,84.77600000000012,70,2,9.04,CN,08/10/2023
275,okhotsk,59.3833,143.3,63.481999999999914,65,15,4.57,RU,08/10/2023
276,pangody,65.85,74.4859,51.63799999999998,68,89,10.08,RU,08/10/2023
277,revda,56.801,59.9303,65.62399999999997,74,99,2.97,RU,08/10/2023
278,newman,37.3138,-121.0208,84.18199999999996,42,0,0.89,US,08/10/2023
279,ormara,25.2088,64.6357,81.37399999999997,82,100,7.01,PK,08/10/2023
280,quatre cocos,-20.2078,57.7625,72.08600000000007,76,3,4.75,MU,08/10/2023
281,dakhla,23.6848,-15.958,68.62999999999994,92,24,9.12,EH,08/10/2023
282,cabo san lucas,22.8909,-109.9124,85.04599999999999,78,20,8.23,MX,08/10/2023
283,lerwick,60.1545,-1.1494,51.799999999999955,78,51,5.01,GB,08/10/2023
284,sinop,41.7711,34.8709,64.61599999999993,94,77,0.38,TR,08/10/2023
285,gizo,-8.103,156.8419,79.73600000000005,81,99,9.96,SB,08/10/2023
286,radhanpur,23.8333,71.6,82.65199999999999,74,100,6.31,IN,08/10/2023
287,sterling,39.0062,-77.4286,77.79199999999997,78,75,1.54,US,08/10/2023
288,corovode,40.5042,20.2272,63.01399999999995,64,75,1.1,AL,08/10/2023
289,kapa'a,22.0752,-159.319,87.78199999999998,75,75,8.75,US,08/10/2023
290,ketchikan,55.3422,-131.6461,59.46800000000002,94,100,4.63,US,08/10/2023
291,meknes,33.9776,-5.525,77.88199999999989,69,0,3.09,MA,08/10/2023
292,san pedro pochutla,15.7333,-96.4667,79.71800000000002,88,87,1.06,MX,08/10/2023
293,motygino,58.1831,94.7592,67.60399999999998,67,75,2.0,RU,08/10/2023
294,richards bay,-28.783,32.0377,65.04800000000006,74,99,2.01,ZA,08/10/2023
295,mumford,5.2618,-0.759,74.73199999999991,88,100,4.79,GH,08/10/2023
296,barcelos,41.5388,-8.6151,66.84800000000001,93,15,1.37,PT,08/10/2023
297,zwedru,6.0667,-8.1281,70.50200000000001,98,100,1.65,LR,08/10/2023
298,mawlaik,23.6333,94.4167,76.83800000000002,100,100,0.51,MM,08/10/2023
299,trapani,37.8333,12.6667,68.88199999999989,88,0,1.54,IT,08/10/2023
300,anloga,5.7947,0.8973,76.08199999999994,87,99,5.68,GH,08/10/2023
301,mana,5.6592,-53.7767,78.04400000000004,90,13,5.2,GF,08/10/2023
302,kill devil hills,36.0307,-75.676,79.988,82,0,0.0,US,08/10/2023
303,bangjun,39.9911,117.2628,78.96199999999993,81,98,1.52,CN,08/10/2023
304,calvillo,21.85,-102.7167,61.73600000000005,76,60,0.95,MX,08/10/2023
305,selkirk,50.1436,-96.8845,60.872000000000014,87,35,3.53,CA,08/10/2023
306,soe,-9.8607,124.284,74.58800000000002,58,72,4.71,ID,08/10/2023
307,jodhpur,26.2867,73.03,81.22999999999996,73,81,5.51,IN,08/10/2023
308,hadibu,12.65,54.0333,78.07999999999998,81,100,9.3,YE,08/10/2023
309,kegeyli shahar,42.7767,59.6078,78.88999999999993,27,3,4.55,UZ,08/10/2023
310,la esperanza,14.8667,-91.5667,57.0739999999999,95,37,1.97,GT,08/10/2023
311,geraldton,-28.7667,114.6,64.81400000000002,68,40,4.63,AU,08/10/2023
312,morant bay,17.8815,-76.4093,87.42199999999997,86,7,2.22,JM,08/10/2023
313,tura,25.5198,90.2201,79.07,91,100,1.41,IN,08/10/2023
314,manta,-0.95,-80.7333,78.00799999999998,78,90,7.6,EC,08/10/2023
315,khandyga,62.6667,135.6,77.77399999999994,32,21,1.07,RU,08/10/2023
316,petrolina de goias,-16.095,-49.3381,72.69800000000004,45,5,1.79,BR,08/10/2023
317,mount pearl,47.5166,-52.7813,55.32800000000003,94,100,8.23,CA,08/10/2023
318,gurupi,-11.7292,-49.0686,80.20400000000001,37,10,2.39,BR,08/10/2023
319,sassandra,4.95,-6.0833,73.868,89,100,3.5,CI,08/10/2023
320,mount isa,-20.7333,139.5,80.36599999999993,26,12,5.66,AU,08/10/2023
321,tralee,52.2704,-9.7026,59.414000000000044,91,18,3.9,IE,08/10/2023
322,gokwe,-18.2048,28.9349,50.50399999999996,69,0,4.88,ZW,08/10/2023
323,georgievka,49.3314,81.5761,77.666,46,4,5.13,KZ,08/10/2023
324,nhamunda,-2.1861,-56.7131,78.38600000000002,65,6,1.28,BR,08/10/2023
325,tabou,4.423,-7.3528,75.30799999999994,83,100,4.93,CI,08/10/2023
326,bereeda,11.8704,51.0579,87.33199999999994,53,96,4.58,SO,08/10/2023
327,tual,-5.6667,132.75,78.31400000000002,80,74,9.39,ID,08/10/2023
328,sandnessjoen,66.0217,12.6316,59.414000000000044,63,20,3.09,NO,08/10/2023
329,strelka,58.0728,93.0344,69.43999999999988,55,12,1.87,RU,08/10/2023
330,meadow lake,34.8014,-106.5436,78.27800000000008,47,100,4.22,US,08/10/2023
331,elk city,35.412,-99.4043,76.94599999999997,78,0,3.09,US,08/10/2023
332,kailua-kona,19.6406,-155.9956,85.964,69,75,4.63,US,08/10/2023
333,juneau,58.3019,-134.4197,59.21599999999995,98,100,4.63,US,08/10/2023
334,new norfolk,-42.7826,147.0587,60.29599999999999,63,86,4.0,AU,08/10/2023
335,jwaneng,-24.6004,24.7303,44.798,74,0,4.42,BW,08/10/2023
336,at taraf,25.3628,49.725,86.5399999999999,35,0,3.03,SA,08/10/2023
337,curup,-3.4667,102.5333,81.15799999999996,59,67,0.66,ID,08/10/2023
338,malabar,-33.9667,151.25,74.91199999999998,29,0,10.29,AU,08/10/2023
339,sampit,-2.5333,112.95,87.38600000000002,54,69,1.96,ID,08/10/2023
340,ballycastle,55.2044,-6.243,62.276000000000124,95,99,3.57,GB,08/10/2023
341,ouro preto do oeste,-10.7481,-62.2158,84.59599999999995,40,73,1.31,BR,08/10/2023
342,wynyard,-41.0,145.7167,55.561999999999955,64,42,5.66,AU,08/10/2023
343,kolondieba,11.0882,-6.8926,70.0159999999999,97,100,3.81,ML,08/10/2023
344,kutum,14.2,24.6667,70.44800000000004,79,36,5.27,SD,08/10/2023
345,vadso,70.0744,29.7487,67.08199999999994,82,0,2.57,NO,08/10/2023
346,camargo,27.6667,-105.1667,87.63799999999998,26,82,1.57,MX,08/10/2023
347,nova vicosa,-17.8919,-39.3719,71.22200000000004,74,8,2.72,BR,08/10/2023
348,east ballina,-28.8667,153.5833,73.79599999999999,44,1,3.45,AU,08/10/2023
349,palikir - national government center,6.9248,158.1611,86.84599999999995,79,75,5.14,FM,08/10/2023
350,cannonvale,-20.2833,148.7,69.18799999999993,61,31,6.51,AU,08/10/2023
351,baoding,38.8511,115.4903,84.16400000000004,75,87,2.47,CN,08/10/2023
352,labuan bajo,-8.4964,119.8877,82.61599999999993,51,20,2.13,ID,08/10/2023
353,mar del plata,-38.0023,-57.5575,52.952000000000055,95,100,1.34,AR,08/10/2023
354,bam,29.106,58.357,87.512,19,22,3.97,IR,08/10/2023
355,atasu,48.6814,71.6433,73.92199999999997,55,99,5.34,KZ,08/10/2023
356,soledade,-28.8183,-52.5103,56.731999999999914,98,89,2.63,BR,08/10/2023
357,petauke,-14.2426,31.3253,56.372000000000014,71,0,4.91,ZM,08/10/2023
358,thai binh,20.45,106.3333,89.36599999999993,68,87,3.77,VN,08/10/2023
359,grants,35.1473,-107.8514,68.23399999999987,40,0,2.57,US,08/10/2023
360,vrangel',42.7297,133.0839,67.09999999999997,99,100,5.3,RU,08/10/2023
361,ciudad bolivar,8.1222,-63.5497,77.01799999999997,84,100,2.18,VE,08/10/2023
362,novodvinsk,64.4165,40.8122,63.19400000000002,85,0,2.09,RU,08/10/2023
363,ebon,4.582,168.6964,82.27399999999994,72,100,1.92,MH,08/10/2023
364,isla mujeres,21.2311,-86.731,86.16199999999998,80,0,4.64,MX,08/10/2023
365,ingeniero guillermo n. juarez,-23.9,-61.85,66.03799999999995,61,2,3.08,AR,08/10/2023
366,sirjan,29.452,55.6814,78.24200000000002,25,7,2.93,IR,08/10/2023
367,staplehurst,51.1611,0.5525,60.88999999999993,62,0,1.28,GB,08/10/2023
368,hirara,24.8,125.2833,89.87000000000006,70,75,2.57,JP,08/10/2023
369,urengoy,65.9667,78.3667,51.49400000000003,89,99,9.41,RU,08/10/2023
370,gebeit,21.0667,36.3167,83.76799999999997,21,1,0.18,SD,08/10/2023
371,greymouth,-42.4667,171.2,48.00200000000001,47,0,1.51,NZ,08/10/2023
372,christchurch,-43.5333,172.6333,46.47199999999998,69,100,7.72,NZ,08/10/2023
373,ust'-ilimsk,58.0006,102.6619,68.52199999999999,62,100,2.46,RU,08/10/2023
374,shubarshi,48.5872,57.1869,67.18999999999988,68,0,7.25,KZ,08/10/2023
375,hammerfest,70.6634,23.6821,72.05000000000001,64,100,1.03,NO,08/10/2023
376,kindu,-2.95,25.95,74.49799999999999,59,86,0.83,CD,08/10/2023
377,birjand,32.8663,59.2211,75.66799999999995,25,0,4.12,IR,08/10/2023
378,broken hill,-31.95,141.4333,59.79199999999997,40,2,4.35,AU,08/10/2023
379,tanumah,27.1,44.1333,86.48600000000005,11,0,4.83,SA,08/10/2023
380,outokumpu,62.7269,29.0159,60.69199999999995,94,100,1.29,FI,08/10/2023
381,waingapu,-9.6567,120.2641,82.63399999999984,58,36,6.67,ID,08/10/2023
382,tirano,46.2154,10.1679,63.391999999999996,89,12,2.36,IT,08/10/2023
383,papao,-17.75,-149.55,80.27600000000012,74,76,7.58,PF,08/10/2023
384,mukalla,14.5425,49.1242,84.39799999999997,68,81,2.27,YE,08/10/2023
385,barranca,-10.75,-77.7667,65.20999999999998,85,31,3.73,PE,08/10/2023
386,nyurba,63.2842,118.3319,78.17000000000002,44,42,4.29,RU,08/10/2023
387,jijiang,29.2906,106.2542,98.49200000000002,61,4,1.24,CN,08/10/2023
388,khabary,53.6259,79.5345,71.70799999999991,47,78,0.79,RU,08/10/2023
389,acarau,-2.8856,-40.12,76.99999999999994,84,46,6.4,BR,08/10/2023
390,labuan,5.2767,115.2417,88.16000000000003,66,20,2.24,MY,08/10/2023
391,veinticinco de mayo,-35.4323,-60.1727,50.98999999999995,86,100,1.34,AR,08/10/2023
392,carutapera,-1.195,-46.02,76.71199999999993,86,40,3.26,BR,08/10/2023
393,haiku-pauwela,20.9219,-156.3051,82.41799999999995,63,20,10.29,US,08/10/2023
394,bay harbor,30.1471,-85.6146,85.94599999999997,80,0,3.09,US,08/10/2023
395,winneba,5.3511,-0.6231,74.57,88,100,4.3,GH,08/10/2023
396,guerrero negro,27.9769,-114.0611,71.42000000000002,85,2,7.35,MX,08/10/2023
397,fortuna,40.5982,-124.1573,66.92000000000002,91,100,4.12,US,08/10/2023
398,mazamari,-11.3258,-74.5308,68.81,96,23,0.96,PE,08/10/2023
399,thoothukudi,8.8054,78.1453,88.08800000000002,66,40,3.09,IN,08/10/2023
400,alaghsas,17.0187,8.0168,82.63399999999984,55,100,4.59,NE,08/10/2023
401,bubaque,11.2833,-15.8333,79.30399999999992,83,100,0.94,GW,08/10/2023
402,prado,-17.3411,-39.2208,70.60999999999996,75,3,2.81,BR,08/10/2023
403,kachug,53.9606,105.8817,63.464,81,99,7.0,RU,08/10/2023
404,tannum sands,-23.9504,151.3693,73.29199999999997,46,100,5.66,AU,08/10/2023
405,kiruna,67.8557,20.2251,45.51799999999997,100,7,3.09,SE,08/10/2023
406,cimarron hills,38.8586,-104.6989,69.34999999999997,53,20,4.12,US,08/10/2023
407,recani,31.2846,-4.2688,89.95999999999998,18,13,4.11,MA,08/10/2023
408,kampong thom,12.7111,104.8887,90.84199999999993,54,100,2.87,KH,08/10/2023
409,itoman,26.1247,127.6694,89.97800000000001,86,75,2.57,JP,08/10/2023
410,mandvi,22.8333,69.3667,82.02199999999999,82,100,9.39,IN,08/10/2023
411,saskatoon,52.1168,-106.6345,64.38199999999989,52,75,7.2,CA,08/10/2023
412,zhangjiakou shi xuanhua qu,40.6103,115.0447,83.06599999999997,70,82,2.32,CN,08/10/2023
413,champerico,14.3,-91.9167,82.57999999999998,77,48,2.12,GT,08/10/2023
414,wheelersburg,38.7304,-82.8555,74.93,88,75,0.0,US,08/10/2023
415,tasqala,51.1167,50.3167,69.04400000000004,60,7,4.08,KZ,08/10/2023
416,ardestan,33.3761,52.3694,80.23999999999995,27,0,1.63,IR,08/10/2023
417,brookings,44.3114,-96.7984,71.94199999999995,85,0,1.54,US,08/10/2023
418,mbandaka,0.0487,18.2603,68.88199999999989,99,100,1.26,CD,08/10/2023
419,male,4.1748,73.5089,76.94599999999997,94,75,5.2,MV,08/10/2023
420,buka,40.8108,69.1986,85.82,25,0,2.12,UZ,08/10/2023
421,salima,-13.7804,34.4587,62.383999999999844,70,0,2.61,MW,08/10/2023
422,kaiapoi,-43.3783,172.6401,45.553999999999974,68,100,7.72,NZ,08/10/2023
423,kalevala,65.2,31.1667,64.094,89,99,3.4,RU,08/10/2023
424,callao,-12.0667,-77.15,70.08800000000002,73,100,5.14,PE,08/10/2023
425,amga,60.8953,131.9608,72.15799999999996,46,98,3.6,RU,08/10/2023
426,port douglas,-16.4833,145.4667,72.69800000000004,72,95,7.31,AU,08/10/2023
427,akjoujt,19.6969,-14.4164,85.94599999999997,41,5,7.11,MR,08/10/2023
428,saint-joseph,-21.3667,55.6167,66.57800000000003,79,23,1.82,RE,08/10/2023
429,kaspiyskiy,45.3929,47.3707,86.036,45,2,2.89,RU,08/10/2023
430,paradip garh,20.3167,86.6167,87.62000000000006,60,46,4.1,IN,08/10/2023
431,songyang,34.4553,113.0281,86.34199999999993,63,13,2.29,CN,08/10/2023
432,kimbe,-5.5502,150.1429,87.97999999999996,51,57,6.17,PG,08/10/2023
433,santa ana de yacuma,-13.75,-65.4333,82.00399999999996,45,0,0.55,BO,08/10/2023
434,kudahuvadhoo,2.6708,72.8944,80.32999999999998,79,100,3.7,MV,08/10/2023
435,suva,-18.1416,178.4415,80.07800000000003,57,75,4.12,FJ,08/10/2023
436,eyl,7.9803,49.8164,77.27000000000004,69,76,9.53,SO,08/10/2023
437,cururupu,-1.8283,-44.8683,74.22800000000001,93,42,1.7,BR,08/10/2023
438,changyon,38.2508,125.0961,77.77399999999994,75,100,6.04,KP,08/10/2023
439,nguigmi,14.2495,13.1092,78.47600000000006,71,100,3.05,NE,08/10/2023
440,kiama,-34.6833,150.8667,71.38399999999984,45,71,6.71,AU,08/10/2023
441,posto fiscal rolim de moura,-13.0833,-62.2667,79.142,45,9,0.62,BR,08/10/2023
442,bilajer,40.5681,50.0378,82.22000000000008,83,0,2.06,AZ,08/10/2023
443,udaipur,24.5712,73.6918,77.89999999999992,81,99,6.13,IN,08/10/2023
444,felahiye,39.0906,35.5672,56.13799999999998,83,0,0.27,TR,08/10/2023
445,dahanu,19.9667,72.7333,80.79800000000006,83,99,5.38,IN,08/10/2023
446,fisterra,42.9049,-9.2629,69.74599999999992,91,74,6.82,ES,08/10/2023
447,taksimo,56.3444,114.8794,68.95400000000001,65,100,0.5,RU,08/10/2023
448,hotan,37.0997,79.9269,87.88999999999993,21,13,1.31,CN,08/10/2023
449,ostersund,63.1792,14.6357,48.64999999999998,100,20,4.12,SE,08/10/2023
450,strezhevoy,60.7333,77.5889,49.72999999999996,97,100,5.64,RU,08/10/2023
451,prince rupert,54.3161,-130.3201,59.089999999999975,98,100,7.2,CA,08/10/2023
452,pangoa,-12.1167,-73.0,67.99999999999994,90,49,1.52,PE,08/10/2023
453,svetlyy,54.675,20.1347,50.053999999999974,77,96,4.42,RU,08/10/2023
454,salinopolis,-0.6136,-47.3561,78.80000000000001,84,49,5.23,BR,08/10/2023
455,jinghong,21.991,100.7341,81.8239999999999,73,100,0.82,CN,08/10/2023
456,la'ie,21.6477,-157.9253,84.16400000000004,67,6,8.56,US,08/10/2023
457,toliara,-23.35,43.6667,66.39799999999997,87,5,6.15,MG,08/10/2023
458,rio grande,-32.035,-52.0986,59.95400000000001,94,100,7.18,BR,08/10/2023
459,magadan,59.5667,150.8,70.53799999999995,55,6,2.96,RU,08/10/2023
460,hagere hiywet,8.9833,37.85,54.13999999999993,89,64,0.34,ET,08/10/2023
461,katsuren-haebaru,26.3369,127.8719,89.97800000000001,77,40,2.57,JP,08/10/2023
462,kukuna,9.4,-12.6667,72.85999999999996,99,100,0.79,SL,08/10/2023
463,mucumpiz,8.4167,-71.1333,55.238,93,60,1.06,VE,08/10/2023
464,pouso alegre,-22.23,-45.9364,60.26000000000005,81,27,1.87,BR,08/10/2023
465,tobelo,1.7284,128.0095,86.88199999999989,61,95,3.24,ID,08/10/2023
466,manokwari,-0.8667,134.0833,81.48199999999991,77,100,2.6,ID,08/10/2023
467,daru,-9.0763,143.2092,75.66799999999995,84,100,7.42,PG,08/10/2023
468,arteche,12.2645,125.4048,88.05199999999996,69,100,1.86,PH,08/10/2023
469,sao joao da barra,-21.6403,-41.0511,70.08800000000002,87,86,4.72,BR,08/10/2023
470,puerto cabezas,14.0351,-83.3888,80.70799999999991,88,99,3.14,NI,08/10/2023
471,kashgar,39.4547,75.9797,83.40799999999996,24,75,5.0,CN,08/10/2023
472,atar,20.5169,-13.0499,91.20200000000006,22,0,2.03,MR,08/10/2023
473,bergama,39.1207,27.1805,74.74999999999994,79,69,3.99,TR,08/10/2023
474,miri,4.4148,114.0089,89.74399999999997,70,40,2.57,MY,08/10/2023
475,porto velho,-8.7619,-63.9039,75.25399999999996,94,0,0.51,BR,08/10/2023
476,karratha,-20.7377,116.8463,80.95999999999998,29,55,4.45,AU,08/10/2023
477,vila velha,-20.3297,-40.2925,73.34599999999995,90,75,3.6,BR,08/10/2023
478,mejit,10.2753,170.8646,82.38199999999989,70,84,4.95,MH,08/10/2023
479,sungai penuh,-2.0833,101.3833,77.50399999999996,61,38,0.59,ID,08/10/2023
480,gadzhiyevo,69.2551,33.3362,64.20200000000006,77,0,3.53,RU,08/10/2023
481,fort mcmurray,56.7268,-111.381,56.786,94,100,4.63,CA,08/10/2023
482,kamaishi,39.2667,141.8833,83.012,73,20,7.0,JP,08/10/2023
483,lenningen,49.5986,6.3681,55.849999999999966,87,0,3.6,LU,08/10/2023
484,salalah,17.0151,54.0924,78.88999999999993,94,100,3.6,OM,08/10/2023
485,gisborne,-38.6533,178.0042,54.05000000000001,65,100,3.95,NZ,08/10/2023
486,muli,2.9167,73.5667,80.74399999999997,77,100,4.77,MV,08/10/2023
487,talcahuano,-36.7167,-73.1167,55.07600000000008,94,100,5.14,CL,08/10/2023
488,san felipe,10.3399,-68.7425,74.714,91,11,1.5,VE,08/10/2023
489,hafnarfjordur,64.0671,-21.9377,53.97800000000001,76,0,2.06,IS,08/10/2023
490,linxia chengguanzhen,35.6003,103.2064,78.22399999999999,59,38,2.41,CN,08/10/2023
491,tocopilla,-22.092,-70.1979,62.92399999999992,78,14,4.0,CL,08/10/2023
492,pontianak,-0.0333,109.3333,84.18199999999996,70,20,3.09,ID,08/10/2023
493,finley,46.154,-119.0339,84.95599999999996,41,100,6.17,US,08/10/2023
494,juan de herrera,18.874,-71.2383,75.344,94,100,1.2,DO,08/10/2023
495,sokolov,50.1813,12.6401,48.86599999999993,93,0,0.51,CZ,08/10/2023
496,ghat,24.9647,10.1728,79.50200000000001,19,0,1.77,LY,08/10/2023
497,tres pontas,-21.3667,-45.5125,61.71800000000002,77,27,3.81,BR,08/10/2023
498,puerto armuelles,8.2833,-82.8667,81.08600000000007,91,100,1.34,PA,08/10/2023
499,port hedland,-20.3167,118.5667,84.25399999999996,24,2,4.12,AU,08/10/2023
500,yantarnyy,54.8717,19.9381,49.855999999999995,71,97,7.17,RU,08/10/2023
501,antalaha,-14.9003,50.2788,66.344,90,15,2.94,MG,08/10/2023
502,santiago de cao,-7.9589,-79.2392,71.72600000000006,83,100,3.09,PE,08/10/2023
503,san sebastian de la gomera,28.0916,-17.1133,75.56,83,0,2.06,ES,08/10/2023
504,shalqar,47.8333,59.6,68.82800000000003,66,0,7.03,KZ,08/10/2023
505,bikenibeu village,1.3673,173.1241,89.56400000000002,66,20,2.06,KI,08/10/2023
506,taulaga,-11.0553,-171.0883,82.39999999999992,78,84,6.73,AS,08/10/2023
507,levuka,50.1834,-105.4011,55.220000000000084,69,75,6.07,CA,08/10/2023
508,amble,55.3333,-1.5833,61.55599999999998,94,100,1.03,GB,08/10/2023
509,bunia,1.5667,30.25,62.47399999999999,81,17,0.57,CD,08/10/2023
510,sao pedro,-22.5486,-47.9139,66.88399999999984,59,2,1.5,BR,08/10/2023
511,port saint john's,-31.6229,29.5448,61.08800000000002,88,39,3.81,ZA,08/10/2023
512,mpophomeni,-29.5682,30.1862,45.98600000000005,95,19,1.62,ZA,08/10/2023
513,pariaman,-0.619,100.12,84.25399999999996,78,66,2.49,ID,08/10/2023
514,chamical,-30.36,-66.314,57.164000000000044,60,95,2.56,AR,08/10/2023
515,malanje,-9.5402,16.341,62.94199999999995,61,27,1.18,AO,08/10/2023
516,la sarre,48.8002,-79.1996,54.896000000000015,96,65,1.96,CA,08/10/2023
517,bodo,67.28,14.405,61.77199999999999,63,0,7.72,NO,08/10/2023
518,kyzyl-mazhalyk,51.1333,90.6,66.23600000000005,67,22,0.39,RU,08/10/2023
519,tsevie,6.4261,1.2133,76.08199999999994,89,92,3.29,TG,08/10/2023
520,weno,7.4515,151.8468,83.17399999999992,73,92,3.3,FM,08/10/2023
521,shahrud,36.4182,54.9763,72.94999999999999,31,0,2.4,IR,08/10/2023
522,thunder bay,48.4001,-89.3168,62.58199999999994,77,100,3.6,CA,08/10/2023
523,rawai,7.7797,98.3253,86.108,79,79,2.75,TH,08/10/2023
524,flin flon,54.7682,-101.865,55.81400000000002,55,15,2.51,CA,08/10/2023
525,mitu,1.1983,-70.1733,72.57199999999995,98,83,0.35,CO,08/10/2023
526,altamira,-3.2033,-52.2064,73.59800000000001,90,55,2.11,BR,08/10/2023
527,mitsamiouli,-11.3847,43.2844,66.488,88,20,3.09,KM,08/10/2023
528,akhtubinsk,48.2795,46.1722,79.97000000000008,36,48,5.57,RU,08/10/2023
529,summerside,46.3959,-63.7876,64.74200000000002,88,99,3.6,CA,08/10/2023
530,san mariano,7.5,126.0,83.89400000000006,74,100,2.03,PH,08/10/2023
531,djambala,-2.5447,14.7533,67.406,77,14,1.53,CG,08/10/2023
532,usogorsk,63.4106,48.6872,66.32600000000008,69,14,0.09,RU,08/10/2023
533,balabac,7.9868,117.0645,84.88399999999984,73,84,5.16,PH,08/10/2023
534,sylva,58.0348,56.7635,63.77000000000004,64,26,3.0,RU,08/10/2023
535,lazaro cardenas,17.9583,-102.2,82.79599999999999,79,100,0.66,MX,08/10/2023
536,nemuro,43.3236,145.575,69.24200000000002,94,100,7.26,JP,08/10/2023
537,port augusta,-32.5,137.7667,60.97999999999996,50,0,4.02,AU,08/10/2023
538,kuusamo,65.9667,29.1833,61.48399999999987,94,62,3.78,FI,08/10/2023
539,lau,9.2167,11.2833,75.09199999999993,86,100,2.05,NG,08/10/2023
540,ulanhot,46.0833,122.0833,73.18399999999991,69,21,4.46,CN,08/10/2023
541,puerto ayacucho,5.6639,-67.6236,74.66000000000003,96,100,1.78,VE,08/10/2023
542,okha,53.5739,142.9478,61.339999999999975,77,86,4.0,RU,08/10/2023
543,gobabis,-22.45,18.9667,51.02600000000007,28,9,6.23,NA,08/10/2023
544,kajaani,64.2273,27.7285,59.05399999999992,94,100,1.03,FI,08/10/2023
545,beni hassane,35.5672,10.8087,76.44199999999995,58,0,2.85,TN,08/10/2023
546,togur,58.3631,82.8265,53.36599999999993,96,100,5.89,RU,08/10/2023
547,cole harbour,44.6724,-63.4751,67.38799999999998,95,79,5.14,CA,08/10/2023
548,brisas de zicatela,15.8369,-97.0419,84.72200000000004,65,20,0.0,MX,08/10/2023
549,raja,8.4596,25.678,68.34199999999993,98,91,1.06,SS,08/10/2023
550,kirakira,-10.4544,161.9205,78.47600000000006,84,99,4.52,SB,08/10/2023
551,le port,-20.9373,55.2919,67.99999999999994,91,2,2.5,RE,08/10/2023
552,kone,-21.0595,164.8658,68.12600000000003,53,85,6.85,NC,08/10/2023
553,tsiombe,-25.3,45.4833,64.47200000000004,91,20,3.45,MG,08/10/2023
554,tallulah,32.4085,-91.1868,89.59999999999997,55,0,2.57,US,08/10/2023
555,nanfeng,23.7434,111.7959,82.43599999999998,85,100,1.4,CN,08/10/2023
556,jorpeland,59.0225,6.0408,52.105999999999995,99,100,6.95,NO,08/10/2023
557,lagoa,39.05,-27.9833,73.11199999999991,79,96,2.98,PT,08/10/2023
558,namibe,-15.1961,12.1522,60.18799999999993,90,16,3.66,AO,08/10/2023
559,sirte,31.2089,16.5887,77.5399999999999,61,0,3.04,LY,08/10/2023
560,pierre,44.3683,-100.351,77.86399999999998,61,0,2.06,US,08/10/2023
561,gilgit,35.9221,74.3087,84.00200000000001,42,0,1.39,PK,08/10/2023
562,tucurui,-3.7661,-49.6725,73.74200000000002,90,22,1.38,BR,08/10/2023
563,sisimiut,66.9395,-53.6735,40.78399999999988,90,100,3.5,GL,08/10/2023
